id;image_name;image_url;image_pixel;image_type;visitor_volume;is_download;jhi_like;state;create_user;creat_time;update_user;update_time;note
1;withdrawal;secondary out-of-the-box;payment Automated;SVG;39012;false;90604;false;sensor Tunnel Credit Card Account;2020-12-13T13:49:18;primary Fields Peso Uruguayo Uruguay Peso en Unidades Indexadas;2020-12-13T03:56:07;Soft
2;Toys solutions;Shirt;moderator Pakistan Rupee sky blue;JPG;79285;true;5398;true;Checking Account Small;2020-12-13T08:01:42;application Buckinghamshire firewall;2020-12-13T04:29:21;Borders array
3;Human generating;Principal cultivate;Oklahoma;PSD;87261;false;60410;false;Incredible Plastic Salad Intelligent Fresh Mouse Graphic Interface;2020-12-12T21:50:49;paradigm fuchsia transform;2020-12-13T12:12:34;capacitor RAM
4;reboot Product Lead;transition;navigating intuitive Group;CDR;67228;false;52959;false;Rustic;2020-12-13T11:04:47;payment user-centric Associate;2020-12-13T07:42:34;orange Cotton Officer
5;Reverse-engineered platforms;Cambodia;Buckinghamshire Internal Grocery;CDR;87764;false;79942;false;Illinois Awesome Granite Bike;2020-12-12T21:20:38;Division Berkshire;2020-12-13T13:54:12;parse
6;Designer Rubber;Bedfordshire monitor B2C;Games application;AI;34344;true;71135;false;initiative;2020-12-13T01:15:43;violet paradigms needs-based;2020-12-13T03:34:41;Books
7;indigo Ireland;Specialist scale;ivory cutting-edge;PNG;87029;false;87194;true;program Baby Kyat;2020-12-13T13:38:22;array;2020-12-12T22:14:56;Berkshire Rubber
8;override;Nebraska transmit;Licensed;PSD;40045;true;36903;false;bluetooth Ohio index;2020-12-13T12:00:27;calculating;2020-12-13T14:54:35;Fork PCI copy
9;Coordinator Investment Account connect;knowledge base Chicken Borders;Berkshire Estate Research;PCD;77260;true;9836;true;Bedfordshire hacking;2020-12-13T04:06:02;PNG Massachusetts;2020-12-13T13:54:43;Home Refined Soft Chips Borders
10;withdrawal Barbados Dollar;Concrete withdrawal Arizona;Enterprise-wide Lodge;SVG;34918;false;13664;true;array;2020-12-12T23:30:41;Avon Assistant supply-chains;2020-12-13T03:05:07;transmit
